handle,wallet,chain,source
bauswhale,0x27d6a5a1d9a5e89bfce0239f08d9c95cf2256ebb,Robinhood,hodlers+amount+rpc
vascodicaprio,0xe3f2fc68992d6a80953fa84f6fe7ee9747e20e2e,Robinhood,hodlers+amount+rpc
monkotbe,0x03ce8ddef358c89311301181e2c208054776c566,Robinhood,hodlers+amount+rpc
cryptozod12,0x798d09bd6ca5e69dfde117536e39cd011eeca725,Robinhood,hodlers+amount+rpc
cfa_,0x4ffcf07045714ea6ffa96f14204bef20da955543,Robinhood,hodlers+amount+rpc
challengeaccount,0x7cd16833853038a4f2c459f18bf4ef5fd647a803,Robinhood,hodlers+amount+rpc
ebaniludik,0x5a5dcbd14a87fa83c384d7b474141ed8793fda37,Robinhood,hodlers+amount+rpc
gugiopolis,0xea25a54194a0929afbe26c48568bcb4f2b94e6db,Robinhood,hodlers+amount+rpc
bfresh,0x933506eed83069ce19ea692bf2621870459b98e7,Robinhood,hodlers+amount+rpc
afroscumbag,0x4d757d4e27db376c1f7d5ecfd6468d32cae65961,Robinhood,hodlers+amount+rpc
thevillii,0x1b714b2af0bfb178642b3b2d606a9e85a26a02ba,Robinhood,hodlers+amount+rpc
malikonchain,0x1151485d1f38307af94f2663b02b59b64a55a288,Robinhood,hodlers+amount+rpc
awwsum,0xcf0ef607d184b33033c47aa2aa321093d603d2ff,Robinhood,hodlers+amount+rpc
jakubsedlak19,0x51528304f85bd994900bb440196e24e7af732096,Robinhood,hodlers+amount+rpc
johnnydwayne,0x8996ed5ddf46eebfab523c746b6a290efe20f117,Robinhood,hodlers+amount+rpc
bthebezel,0x15c6a76136b597c7896dca6da7b3319daffc987e,Robinhood,hodlers+amount+rpc
pooalcindor,0xf07cc545377e27c40f50412ba99923a2e6713c00,Robinhood,hodlers+amount+rpc
badtrading,0x46714160cc260ea81e8fc78d5555c9a3d27f02d6,Robinhood,hodlers+amount+rpc
skullnick3,0x95b0746316368ca24e5a58da7fe961d791cb6829,Robinhood,hodlers+amount+rpc
jordan009,0xbc6e839d1c06e30cd95e022810c6b09de0e917a7,Robinhood,hodlers+amount+rpc
mozart,0xbe80765a4983e283fee923a6b823ff09a6299254,BSC,hodlers+amount+rpc
nobrainflip,0x0aa87728a6677730771de65bfedb16e93e86a525,BSC,hodlers+amount+rpc
tizzwhisperer,0x730d88a10ba0eebbb8b1eebba3a43944d7699775,Robinhood,hodlers+amount+rpc
goodfirmbird,0x4f777907938674f564627585439aeded1920b24a,Robinhood,hodlers+amount+rpc
topj33t,0x54767ced172a844426ffd5c3e4bfa3cee2ffb687,Robinhood,hodlers+amount+rpc
rickyrich420,0x08314cff2575768420db26851234444cd97c6f9d,Robinhood,hodlers+amount+rpc
slurptoshi_,0x1b62b929f1db8ded08a3e1b95c75972bf5bc3553,Robinhood,hodlers+amount+rpc
ksj_,0xaac553dad379ebc38272d3c36d657f899fbe0680,Robinhood,hodlers+amount+rpc
cryptodjip,0x276ce5235e6bfe810b5426d47cfe02fbd6d8000f,Robinhood,hodlers+amount+rpc
man_donut_,0x0c99772d1b0310ab485b943433067836cdbf7355,Robinhood,hodlers+amount+rpc
lingardsol,0xb3f815dac319bd560e535f6788f0d9ed9c73eb3e,BSC,hodlers+amount+rpc
kkisgreat,0x771c6ca8426291d54bd13043d654cdbf09087006,BSC,hodlers+amount+rpc
horseimnot,0x9962f2c7cf92d940582994c6db13e3c2e3150179,BSC,hodlers+amount+rpc
s226,0x56647f61fd15a8eb8c2c5638a165e40f278dedf9,BSC,hodlers+amount+rpc
jiliman,0xb00ad3a91a5f3425fbc409d2565c608efa35e359,BSC,hodlers+amount+rpc
tungtungtungsahur67,0x33163d7eb4f876e224175137aab7258fd458d1e0,BSC,hodlers+amount+rpc
super526,0x3e6b07c229a77e4e3d4e41a989e8396af88b6b76,BSC,hodlers+amount+rpc
northking,0x22268b9f4107a3e96a8d6577ffa199d858ca339e,BSC,hodlers+amount+rpc
paipai,0x0bf044bb008d1ed8ac253eca11795a9fa2e945ae,BSC,hodlers+amount+rpc
panceramic,0x9cf687eaca65e5da625d3fde534a73513b0a959f,BSC,hodlers+amount+rpc
bmooon97_,0xf88dd7c7cb0baf2f15d189f04c08b5e1c68798b4,BSC,hodlers+amount+rpc
elsalilipaly98,0x10283b8b891629942a7c23ce0bc76d604676d86a,BSC,hodlers+amount+rpc
wokky_,0x0af5ca647e9fe36fccd447c8dc20467f5e274039,Robinhood,hodlers+amount+rpc
jahrools,0x80fd57a9464c9a50713b133b731ed1024b22156d,Robinhood,hodlers+amount+rpc
dopaminefeenfr,0xbdce13a1cadea23a61013fbfb470c7eef4ba9520,BSC,hodlers+amount+rpc
pipi,0xc882a54fbdd8837604b633a85ef82882634a122a,BSC,hodlers+amount+rpc
halilbasly,0x2b705ee84ee50482e116a31dfcf0dff9f251bcf1,BSC,hodlers+amount+rpc
jamesontanner,0x00c7da285e070555318aeb7e21fd899cef574924,BSC,hodlers+amount+rpc
zack777,0xcced7890210bee8082c11c1eeaf7b1959e6c0f63,BSC,hodlers+amount+rpc
lucadrazen,0xebc9855f777e2f3adf25ed0584b2e7025cfce5f9,BSC,hodlers+amount+rpc
user672,0x156d7df5cf587b8649c58bfdfb7edcc561d12995,BSC,hodlers+amount+rpc
d_17,0xd46fc89efe2c585b6d051177322d56754e830702,BSC,hodlers+amount+rpc
hennessenn,0x8aeabb2b4dff88dcae2c4a83024e6bf9834bf7dc,BSC,hodlers+amount+rpc
omartrades21,0xfb3750e2938638bca5117cd10471174b5809f75c,BSC,hodlers+amount+rpc
libkwogs,0x06ba7578cad7d003e961e1e8307fe6738cc4918f,BSC,hodlers+amount+rpc
badbradgolf,0xb902b411333ce3a89c9dd0e608b8c47fd249e826,BSC,hodlers+amount+rpc
fieldcoinfdc,0x565d785204197a69718da89abbfe3e4e3ef15c68,BSC,hodlers+amount+rpc
softmereelk,0x455ef47a4dd4e682b08d28bd28fdf68f1de38b81,BSC,hodlers+amount+rpc
moemoee0,0x12f4cd76cce3f2321bd64a15fd01c523fd9ac8b5,BSC,hodlers+amount+rpc
serna_sloan,0xb42ac9538b3fb1df5a5b3b3f798e6a1204445bee,BSC,hodlers+amount+rpc
amoxxx,0x3476204fc9a1fbe1aebf8b2ca94f9dd909c03504,BSC,hodlers+amount+rpc
notopenfalla,0x36d6ee0936b0d99a4f1e70ad44f50f7d2e0d4a3e,BSC,hodlers+amount+rpc
maxgamboa92,0x8420ee55f9064b9654aae432f6c75e3cde4cce33,BSC,hodlers+amount+rpc
doofygilmore,0x24b79104a13d991b6de4d8dee95a62473ca19a55,BSC,hodlers+amount+rpc
joyous,0x68ae3e6b40ddf23a09dc95276932fb3551e68c7f,BSC,hodlers+amount+rpc
yepp,0x1735227e135da9eff61deb4f3858de0e077b1f9d,BSC,hodlers+amount+rpc
chunks02,0xaece9048e50120727b7c3fcb585d04bee7a936aa,BSC,hodlers+amount+rpc
jgrosario8700,0x83a6c3fa8341d4497bbc46b3f297e25d1bcfbcf9,BSC,hodlers+amount+rpc
okayoliveant,0x31901688da855cb5a58ee9b08dc780bb68b2075c,BSC,hodlers+amount+rpc
shyhappysquid,0xf63f7a10a56f49081832f87cb21839372d4f92e4,BSC,hodlers+amount+rpc
bakihanma,0xce23af46c4a4c5239421a08d4994d600eb4077d8,BSC,hodlers+amount+rpc
elgwapo1,0x197ce8238cb719ab0b3e5210ab6b8e7d8f3d1c1a,BSC,hodlers+amount+rpc
daddy456,0x2e9a231164297fad7e3991b19fc9ea338c5ee889,BSC,hodlers+amount+rpc
maximus0147,0xa68977b9cb553b25756c9a62d41a2656b61d0593,BSC,hodlers+amount+rpc
dolesgems,0x9d16f2f3f29ccf92e6a557d7fbf07d3c3e949882,BSC,hodlers+amount+rpc
rrrrrr666666,0xc26b7f93eb9324584466e00ca44da95e4ab28e47,BSC,hodlers+amount+rpc
shawnthread,0xc94ab658890ac35dbf3004177a3b81afca13da6c,BSC,hodlers+amount+rpc
flowwater001,0x41bff9a7175653e2ab802beec42c81e65429025f,BSC,hodlers+amount+rpc
roaringkittyy,0xc41ff324a9e61417833041c2ccb508683a079bb1,BSC,hodlers+amount+rpc
gimmedatmonion,0xe7ce12fe855e8e779c8d4822e81bc6d84746b224,BSC,hodlers+amount+rpc
d363n6uy,0xa326cee75116cc8e1fe3b4bb02ebff16c25d042f,BSC,hodlers+amount+rpc
0xmmu,0xc9ecc5d3679dcbfe4f00fb96dc33ea5352d90b64,BSC,hodlers+amount+rpc
zippyrainymacaw,0x9cba97294cc816c9aeed3747eba5fef09206b270,BSC,hodlers+amount+rpc
sveatoslav,0xca3a1b2a77e716f04173fc172bef47ab4a6003e2,BSC,hodlers+amount+rpc
slmoy,0xf1692abe377b4fdc780d97df8c5f5dfbaea2c7bf,BSC,hodlers+amount+rpc
wilsonng2019,0x1074f4df0e85dc75d078c007ed620e3f3a79f292,BSC,hodlers+amount+rpc
ivvan,0x72c17dba5161b5b20381aaf1e031e139845ce855,BSC,hodlers+amount+rpc
tiliskitip,0xdef3e9a72314a12708721b4e7552d1b30010b02e,Robinhood,hodlers+amount+rpc
thecatstrategy,0xc0eb63f85e9e917e3892eb01f2bc34ca6c70f5ac,Robinhood,hodlers+amount+rpc
rockyk7,0x8185753f2abf1faa1bc89ddd3e1649ddb96f04a1,Robinhood,hodlers+amount+rpc
63pasta,0x890a3b650407223a2cd4050acaf576a699e46f05,Robinhood,hodlers+amount+rpc
exit_onchain,0xdf2b056868da7ef91535992efc31cf0b1678a1c5,Robinhood,hodlers+amount+rpc
0528lu_,0x3b1c56df03c640d0e3e8e28b688bc3ab6690a205,Robinhood,hodlers+amount+rpc
corruptor,0x3af7b5f791e3e1b9b756a7b462d63198d1ac5140,Robinhood,hodlers+amount+rpc
taojing,0x097b95cd52bd0d1fbc4d955f441b51d5717af468,Robinhood,hodlers+amount+rpc
chang__chong,0x4cd39eb4be8732a9e70b5142b9bcf63e5c23ce70,Robinhood,hodlers+amount+rpc
cryptoje,0x96e1d52cfd1746ba0b43d201e835200ed1151ff6,Robinhood,hodlers+amount+rpc
ed_x0101,0x9f47f346d573127a7eb6268be83571544a88d1ea,Robinhood,hodlers+amount+rpc
spikebot,0xa552b4482d87e5daaeffaad1c2d0f1158d878958,Robinhood,hodlers+amount+rpc
0xmrdq,0x3416b77e0cc37d0a1451c423890c23781a42efc1,Robinhood,hodlers+amount+rpc
nikke,0xb27cbd567ddbad8cd8383f52fca6f5fae8b574f3,Robinhood,hodlers+amount+rpc
cassiexu_,0x491d0ae852c878168d1a853aef4c375ec35f11f0,Robinhood,hodlers+amount+rpc
0x_brocken,0x36e1833f1c74039342e94cf9e21889fce2d64d3b,Robinhood,hodlers+amount+rpc
lianlian0811,0x234a298bdb34a2dccaed40ad34cb19a93fa11aed,Robinhood,hodlers+amount+rpc
xxx_xunkown,0x24221353aa1efa19112c1fc8b83ced17788159e3,Robinhood,hodlers+amount+rpc
dualwarmswift,0x577e11f5005586890b049cdc0ca19677794f1849,Robinhood,hodlers+amount+rpc
yipie,0x0cc5ef9e7941bf367466c93d7af43efa09bafb84,Robinhood,hodlers+amount+rpc
xttttttt798,0xc1ff0171d1b7d96149166a57bfeceb1a905a4ff3,Robinhood,hodlers+amount+rpc
bassamkov,0xe21af468a707f31053f95fdc2991c600d11ec86a,Robinhood,hodlers+amount+rpc
arron_finance,0xcf30248373fdef36f86132b5e3ffcd4c0c6f0bd2,Robinhood,hodlers+amount+rpc
alivefreemole,0x2cafe0e0e3e5ac3cfdef259a74c39852ca9b3505,Robinhood,hodlers+amount+rpc
swiftrearwren,0x0c07f9662a009d1948308cb117123d7d5713c45b,Robinhood,hodlers+amount+rpc
misterjin,0x6aa3db86183c93c71bd8639985998e3f9f61ae4c,BSC,hodlers+amount+rpc
cryptoaeon,0x9a67eda2996342cec2121456015de8021ebe2a8f,Ethereum,hodlers+amount+rpc
0xburgesa,0x3a602aa0a818adc4bddb35b66dd8677c1632dc94,Robinhood,hodlers+amount+rpc
pumpingyourcoins,0x885497752047d9e20dca23d497a23255787abd0b,Robinhood,hodlers+amount+rpc
y1111,0x42ad30aae40158392f602efbb8a9590b0925292a,Robinhood,hodlers+amount+rpc
tyler_solana,0x7854e417098202b3a98cb4fe168bbc2d5bf6fbff,Robinhood,hodlers+amount+rpc
nobsicle,0x6e5bd49aa75741e7e2a5256ff461e95cda700b01,Robinhood,hodlers+amount+rpc
ocrxa,0xece94d4a7fb449e5cd7258434a9659bceb57b87f,BSC,hodlers+amount+rpc
meowmad,0x81d455faf5af1d671e03eb2aa43d48647ad9b83b,BSC,hodlers+amount+rpc
nogiolmokini,0x53644cb9f8e6067c8fd5d546b1fd06805067a3ef,BSC,hodlers+amount+rpc
chasethegains,0xb12baa3f81919404f8a7d06a0949f9412829dba2,BSC,hodlers+amount+rpc
prateek0x_,0x116fe4f2cb6a82bdd152c11f1332da582c12e8de,BSC,hodlers+amount+rpc
800millionsdollars,0x874d6e917a53640d085e1b47b629f53880c8453e,BSC,hodlers+amount+rpc
mobin23,0x127252a78b8bc0c6ce1a1b826013dbd139775ff1,BSC,hodlers+amount+rpc
jacht,0x91ca544d4c2f695797d63ca12d264d2e7c2ec75e,BSC,hodlers+amount+rpc
b_ez_wee_z,0x7e0a3eeeed9d8b92f00392ba3db6c1f703109377,BSC,hodlers+amount+rpc
koy,0xbf6c6f756033faab8a5b2ee8da8835e0d9e0651b,BSC,hodlers+amount+rpc
kerim,0x8bfda1ecc1b475349119f8074e18114392df2e50,BSC,hodlers+amount+rpc
brant1981,0x22c72819f19ceb74f177b24ce7469bd637174806,BSC,hodlers+amount+rpc
mrw22,0x942e14b9c21cff321f65baf442a2242cdc305851,BSC,hodlers+amount+rpc
prafreddevil,0x084beabb99a3c99941cbd36068914be60bfe8fe2,BSC,hodlers+amount+rpc
mike_rez,0xd5808824f3f231cef4e93994da03f5d25783fd17,BSC,hodlers+amount+rpc
traveltheworld,0x413f23b3bc530eecc5388bfec8a3ae79dd2e908c,BSC,hodlers+amount+rpc
ericzhong,0x74002fde95ed9d417190285a8a61738c9f4a022a,BSC,hodlers+amount+rpc
crypt_omar,0x7547d27adfefd50f77f3d3d1415b68d6792762d1,BSC,hodlers+amount+rpc
0xguts__,0x8e0067ded52fb7675cac5959434ab133dc62b634,BSC,hodlers+amount+rpc
yunababy,0x4d5f2537ea9dabd69e9be72da64bec729040b85e,BSC,hodlers+amount+rpc
zuzu888,0x87a7382a0ec65ceeb42cfc247e21c661cb1e273c,BSC,hodlers+amount+rpc
angel_t1ny,0xfdde08b489fdcb3b66f843a9b70d091c8b9414ce,BSC,hodlers+amount+rpc
0xflamedoteth,0xa04a541f2a6cebcb06a05d5a52339d7ff2c0dc4e,BSC,hodlers+amount+rpc
aifeathers,0xf98a7280b96c3383ee791ee8cd085f4cf90ec378,BSC,hodlers+amount+rpc
deestackz,0x21566e2246b79754871532694c8064a1696fb3b4,BSC,hodlers+amount+rpc
1godzilla0,0x5b7e6d32eaf776b14b79a19679260f9ebe0a46f4,BSC,hodlers+amount+rpc
3figsto7figs,0xf5e0735b343b2c4343902212bdb0d5c083ab58fb,BSC,hodlers+amount+rpc
xach,0xad5aa7be986806ac5d931864544452e3cbbb54bf,BSC,hodlers+amount+rpc
babypbtc,0xaac12749e286d97e5fc12b1719a5425733e16f6c,BSC,hodlers+amount+rpc
macfeurson,0x7e91149bcf20b6eab8ba1f7153b5f873807a8674,BSC,hodlers+amount+rpc
blizzardkicks_,0xad9016bc32efdb0b2a1aff66c1a1349b13b91217,BSC,hodlers+amount+rpc
caso69,0xfdad34956ce1fffab2ef36ad4a528144f909c940,BSC,hodlers+amount+rpc
coinss,0x6663adfa8a8f835af41e6bf7b726f6bb0da94813,BSC,hodlers+amount+rpc
ericceth,0xbb19d3e508e5509ad8663aab3eb047fd7f768072,BSC,hodlers+amount+rpc
vladymyr,0x2c559bf8878d8cf71e6e18b07ac391ac937576f4,BSC,hodlers+amount+rpc
chundoohwann,0xa8ba73b5ba429356b1d804a01f319292b7ab2280,BSC,hodlers+amount+rpc
pedophile,0x3534d52bba3f5324c2672afc4ba28e878fbe0403,BSC,hodlers+amount+rpc
58xxxxxlll,0x74a325a6fc62e900582496c7ee4cd1c15dda5737,BSC,hodlers+amount+rpc
punchsports,0xec10638bb734b85c62e3da457aa90b7615dce43d,BSC,hodlers+amount+rpc
flippax100,0x9e4ccad81284082b1e2505f26e7929235835aecc,BSC,hodlers+amount+rpc
kimjungdu,0xe6a823d73bc242b14a3ce3905da6d535209c267f,BSC,hodlers+amount+rpc
hurtswiftdingo,0xe44c6324921957ec9983f52c0f0a4f50af4bacb8,BSC,hodlers+amount+rpc
poorupsettakin,0x2aef6fa18cedd70953ec9beb9dbb7eacd47ce3a4,BSC,hodlers+amount+rpc
waterysimplebobolink,0x8966f1f3a016dab72087e4bd4ddde0b5f4b275a4,Base,hodlers+amount+rpc
nedegen,0x242eff6acbdda6c93d791526e71b01bf7dd405d7,BSC,hodlers+amount+rpc
pinkyndthegainz,0x12ff752b5d155af696a914008f91fa763df85a8a,Robinhood,hodlers+amount+rpc
chopper_trades,0x625c52c2f888c2c514d2d57fe02e29b807f66590,Robinhood,hodlers+amount+rpc
phantombp_giga,0x3053c2d43049605f37d5fcb882c18a3ecb55e621,Robinhood,hodlers+amount+rpc
cometcalls,0xa9507f1b6665825a9c8136590b092028f895f1b0,Robinhood,hodlers+amount+rpc
chrollolucifer,0xcda47edbe67fd88036d03b44e17e7a615baa8e1c,Robinhood,hodlers+amount+rpc
travv,0x7132a3ab4a67f6a39d4ceba8da84b48894771cfe,Ethereum,hodlers+amount+rpc
thebrianjung,0x008808d79cc6b3893231d8a25208ffe1718a40e5,Base,hodlers+amount+rpc
waitingfor100x,0xdf460d8b0f7ad99a0ad12fcaca8621f3a0ea1240,Base,hodlers+amount+rpc
sheeeesh,0x5bbec0877d73e7cffdd5edd663582960447ec8e2,Base,hodlers+amount+rpc
gent1emansdiary,0x88b7fc95c9300cd4b7c770ab5f1e2900c39b3b44,Base,hodlers+amount+rpc
shortsorryhyena,0xdfbda4724fc1c7423833d6ef054da75c93b0c3a8,Base,hodlers+amount+rpc
buffettbets,0xdef201e76fe3973b7bcedf4bd4a6e8b451040fc4,Base,hodlers+amount+rpc
lieuuu,0x27b65a1b614a76e0024c7ce74a3cb636adda2c28,Base,hodlers+amount+rpc
antoniok1,0xbc9b8c151c257a69cbf759c257b1ac20570598ae,Base,hodlers+amount+rpc
bobdsw,0xf1734238e690cc3980e1adf3a5ea4430739b0af5,Base,hodlers+amount+rpc
solomc,0x98a3d562df364cbde47431e1495f7feaafad56c5,Base,hodlers+amount+rpc
thebull33,0x9a2656ff5e40a45ab817a1541c5a3e2a5eafaa48,Base,hodlers+amount+rpc
st5una_,0x79034fd69b56656559789499e8358ca2a0330a40,Base,hodlers+amount+rpc
goodluckhavefun,0x22dccb86bec16f27720cb69834bfca086327e2ae,Base,hodlers+amount+rpc
hfsilva21,0x2ff852bc2a42c0b75576c47d647ff71b6517a801,Base,hodlers+amount+rpc
funnycooltakin,0xe62ff950951313953c1da0bcf610612389ea5981,Base,hodlers+amount+rpc
drille,0xe39ad80c9f3642bfd7bcbfefc0ca9c11793b0a04,Base,hodlers+amount+rpc
nounagnon,0xccc6dcde4c76966e997d5437d8c9c7e3a179f253,Base,hodlers+amount+rpc
chargegame,0x7f3706f95f02705ab83e0073dbc8260e2c179755,Base,hodlers+amount+rpc
kadenkel1515,0x2674623462f1bc747382ec72644b8375747a0871,Base,hodlers+amount+rpc
monishm83,0x5fe7dff191e2437b03c124c8d4dae23f19463da7,Base,hodlers+amount+rpc
mperla,0x48edc3766e94622e38f250ddda67f074bc9c8766,Base,hodlers+amount+rpc
clearfitrat,0x8de3befeea09af3d7c2e33cec329d54a8b4b471d,Base,hodlers+amount+rpc
mandosprime,0xce6bced5c0f2da201ffe196d7f0c99cbb37688db,Base,hodlers+amount+rpc
gabekzn,0x94fe3d460a4e904d2b51427dfc587b12a7f7f263,Base,hodlers+amount+rpc
necromancer67,0xc3eb601e2d4e374d0a55726360d2b662b59abb85,Base,hodlers+amount+rpc
nortino,0x3e3d11c023c4b190cd7865f36009aafc6dd2459c,Base,hodlers+amount+rpc
mintatonic,0xcdc8c0aadb1b0e3ff6c4c88539ac17deb0f7b027,Base,hodlers+amount+rpc
_jr49,0xeb7a2fc02df34777ed9daa4865ae7cd43cc97209,Base,hodlers+amount+rpc
nandooutthebando,0x236bdf182d8bf92e2b43f7433f9648bbd14eedeb,Base,hodlers+amount+rpc
swiftenstein,0x51d4e8b6cf272ded3ab6386edc6473991bbd2c81,Base,hodlers+amount+rpc
israel12778697,0x6738ed761dfe1312a4f0388f81fc4d858431fd73,Base,hodlers+amount+rpc
octopus27,0x6ac986adfba1f80103e968fd4c1b5ee34242d3a8,Base,hodlers+amount+rpc
lejyonas,0x77c0cd5df0e7208d4becaf16e92067f2c008af8a,Base,hodlers+amount+rpc
anonymoumonkey,0x2c441bd535adcf638c03537a274d1ba66ea3b6db,Base,hodlers+amount+rpc
leveluptheory,0x674c143ddf9d40a6133401acf2caaadd366d9072,Base,hodlers+amount+rpc
zeustyy_,0xd026f7a62fad79952d2f136ebd598a71b0053da1,Base,hodlers+amount+rpc
b3ns,0xc0a6f0edc14862773590cd6372726072f93f7098,Base,hodlers+amount+rpc
kimthejong,0xa97f98d15f18988e50e9d6741cd40410ad92d35e,Base,hodlers+amount+rpc
ekonomeest,0x86adce3344e0b7a33aa8dfe80076a2ce5faa535b,Base,hodlers+amount+rpc
frogmanhaha,0x14aa2a71dbb5ef87b81f92205e2699aa4aa65794,Base,hodlers+amount+rpc
montyinfull,0xd750158927f791eab81a5a551c82a958a585c689,Base,hodlers+amount+rpc
peacee,0x059bc2bbf829d48b6d56f768c5e64b9162174c19,Base,hodlers+amount+rpc
b3nss,0xc022962bc1e4ea7bf989410e070fbf87c3b0aff2,Base,hodlers+amount+rpc
retirementar,0x844db40d0a9863612f98d1b2ce37bdc719037c42,Base,hodlers+amount+rpc
alam1,0x47b7614199f3db1660e34479ad38d9a46c626552,Base,hodlers+amount+rpc
samflintstone,0x4a1281eb29bc0061123dbbe9da699e3f255ebee7,Base,hodlers+amount+rpc
bas3god,0xb8551d2b71f10c6f88ddef8f67dd4301c417ae83,Base,hodlers+amount+rpc
trenchooor,0x072b783eb6f3f748fee44ce401fe0a7421095a20,Base,hodlers+amount+rpc
whimsybrookie,0xb1f996ded341aab7c1cfde07120324df503d78fb,Base,hodlers+amount+rpc
uhohspaghetti,0x9fe5fdb24746b8ab30cb3688993e27d319aa65aa,Base,hodlers+amount+rpc
muntjess,0x4cb724ca75e01d36907bee67fe31dff3c98608e1,Base,hodlers+amount+rpc
8figshumanbeing,0xf69ab9e071b448762d3bf43dff500f5868408e3c,Base,hodlers+amount+rpc
unrealisegenius,0xfcff60b6622c69982f19e713482d2d79b528c572,Base,hodlers+amount+rpc
dutchmytomboy,0x53bd2c94c7b9fea161ed5fd334d858f3a79cd238,Base,hodlers+amount+rpc
theooxoo,0xf7484a642622585ac82f0a77dd816a8f12c8809e,Base,hodlers+amount+rpc
mostwanted_,0xf534b007487e2902468aaeea044875eef407794c,Base,hodlers+amount+rpc
liukai,0xde1cf14df8ee60bff7baa47f44f1fe87d7791de7,Base,hodlers+amount+rpc
cube,0xd4f46eca6e23edd10cbdf5fa6b586afde0338fd4,Base,hodlers+amount+rpc
magicmint,0x442e1aad47010081406637e431161b35f1580523,Base,hodlers+amount+rpc
demturtles,0x5537f686242cd13dd40629d1f3d2df23d22b1928,Base,hodlers+amount+rpc
willicomeback,0x026ddced840a0f6f986584e67ce6258d8019013b,Base,hodlers+amount+rpc
cmafiosoo,0x8b784a9613305387e2552786e7487aff12418c6a,Base,hodlers+amount+rpc
illusionsx,0xead1673b6fae23f742ba63434c23dbc94ffdcde6,Base,hodlers+amount+rpc
ijustgamble7,0x36d17963fb2e9f5a52654db13068b22ec9066baf,Base,hodlers+amount+rpc
c111raul,0x4bf6db428613f98f2e80e50e8df7a519ba191da5,Base,hodlers+amount+rpc
gwyn,0xabe3c99e820795db6481e45e9c7cbc13da320bd0,Base,hodlers+amount+rpc
gastishawn,0x857a4c63951076f9f108cb4776725e07bf551fcd,Base,hodlers+amount+rpc
abbato,0x74117a1214c3c4ac28d981d8ade7b89cd737efb1,Base,hodlers+amount+rpc
itsanaoncrypto,0x096508f5d7efaf41dc653f31d63f7664471344ba,Base,hodlers+amount+rpc
stillfw,0xf076d133d382ecd1955a771aa38693d6910757c2,Base,hodlers+amount+rpc
mudas,0x1d0eae11dd44f00ac893d0b92ebe689d59506333,Base,hodlers+amount+rpc
xrpapi,0x12a6ad5d21b279ea07f9261fbdcc415e4e66c719,Base,hodlers+amount+rpc
clouttifaija,0xa5478f05d3efbe41066078924de1877d5a978b46,Base,hodlers+amount+rpc
valueandtime,0x3263600bec5e9935ddcc805e905b4d81d68f2bf3,Base,hodlers+amount+rpc
gs97z,0x89db8f4fb6421c25dbdb0d3af0d8407df91e400f,Base,hodlers+amount+rpc
oddseerr,0x5d03d08d268743038f0fe6427152c6d0b433fdb0,Base,hodlers+amount+rpc
moggingagi,0xbe479be73dca719d97067b0db4cae9d55c0f5e59,Base,hodlers+amount+rpc
onepeterrr,0xc86896c22c0eeadc1900f6a2e4f9f207d68fb8be,Base,hodlers+amount+rpc
zedot_connector,0xba81e473c0a79aa79b865b1011bae0c7ad41750e,Base,hodlers+amount+rpc
pumpyoass,0x3055e505d63d925af6485c2a3799401b7f22319c,Base,hodlers+amount+rpc
traderwop,0xd186d6bf62d9f7c08e1301ee77729f3a3e4861f5,Base,hodlers+amount+rpc
onchainmetrics,0x4febf9186c71d7ed000510f3da6321e6386c6740,Robinhood,hodlers+amount+rpc
cjwat5on,0xc0f2d453e98aa30064ba8f766a146978419987f3,Robinhood,hodlers+amount+rpc
scudsbtc,0x21f937f1f49e7a382f01625fddb5705c21e16af3,Robinhood,hodlers+amount+rpc
ernestocheguevara,0xf4b46276af39314ad7fc814c277602d105573f47,Robinhood,hodlers+amount+rpc
ooga,0x52e0ae98d2b17f67d016a16b8e3263aa6458765d,Robinhood,hodlers+amount+rpc
picadura,0xa37cd19f9a6fdcc323ba42fa498807b4212222f3,BSC,hodlers+amount+rpc
wukong365,0x021339b32fa1b40c7773f70e5a1835a7fd01de07,BSC,hodlers+amount+rpc
cefuli,0x3bcb117ee6392080db77f95422a4bc8313961963,BSC,hodlers+amount+rpc
painkillerbill,0xe8199013c1ac8fc7bcdae374497ff26cd320c91f,BSC,hodlers+amount+rpc
pedrigavifrenki,0x72c2509fb0bc0284c0a5ec3d57c75ec40f519b37,BSC,hodlers+amount+rpc
smokesonchain,0xedc627978d36163c10e85bd93d6b537fabdd282d,BSC,hodlers+amount+rpc
macrovane,0x4720abd0c4210f7ff9ff995fb54f0d8be9d650aa,BSC,hodlers+amount+rpc
mirro7777,0xe83d6571b8ae3c22fa801ae439f3f1daf66a958a,BSC,hodlers+amount+rpc
0xfalcs,0x1cd026a1d83f8077100c9e98ccd29507a7b8844e,Base,hodlers+amount+rpc
colossalresurrection,0x5f1e0e095118066628780a1579dfd000af54c2ab,Base,hodlers+amount+rpc
iceslayerman,0xd1e4308fd3f2322332e1f41454cfedfffeb1eb4d,Base,hodlers+amount+rpc
rawrxd,0xa0c4725a8dff325dcaed0247b284d32fa33f53ad,Base,hodlers+amount+rpc
mac_eth,0xf8edfa4e33509fec32a62c070360dd11f47c29ca,Base,hodlers+amount+rpc
llonchain,0x36a1d7c9820296e9f3d816e54010d52eb98428d9,Base,hodlers+amount+rpc
xventures,0x274a38d48225256add28fb78c5e22df1fcacced7,Base,hodlers+amount+rpc
rebornmf,0xfdfb3e1cf95c91e183b20e9d2fe1e6a55b9d5b1a,Base,hodlers+amount+rpc
catdog_,0xb49c2dc243cccaf1011e4574536d2a9c49760731,Base,hodlers+amount+rpc
0xvantaa,0x69326e48f68500fb6cf3b3a7da640737b9cc347b,Base,hodlers+amount+rpc
ofgl,0xfb400c2446e6d780e312b22dd1c768a894943554,Robinhood,hodlers+amount+rpc
workethic,0x7c4bfeaea6bb64772d57cf10110e696d00df8ec3,Robinhood,hodlers+amount+rpc
cantgetme,0x0c0b83fe9c528baebe4e183ee728bdae2e76315a,Robinhood,hodlers+amount+rpc
sssslashhhhhhh,0x88121a196bb8fe35d4790985126777106d0a960a,BSC,hodlers+amount+rpc
laxmi_shishya,0x500ffb181e857e96107f2db80a131094b26a8e21,BSC,hodlers+amount+rpc
knownlikesnail,0xd8a43d671d7085f68b01ec4471b412a1ba645f69,BSC,hodlers+amount+rpc
fitdeafeagle,0x1cd7aed8950e70fae30ec5c3bf1fcd1ce85f35c5,BSC,hodlers+amount+rpc
goooch,0xeec8a4ee6b9c562fe5e5b3f696e4123deb33393b,BSC,hodlers+amount+rpc
kingegginton,0x8983d372ee03fd281e43ce5ced650cd90bf8cb0a,BSC,hodlers+amount+rpc
westernhunter,0xb1df07eaa83906c04f70d014760c64569e381f37,BSC,hodlers+amount+rpc
emrr,0x3b31a85274c745aa2296b9ab0275b404e7dabf0c,BSC,hodlers+amount+rpc
stalesolardog,0xd6ec263c99930a4434d0320f7c63ba71b1d07648,BSC,hodlers+amount+rpc
optimismaxxing,0x8df80e202e7a3cf126eaeea2fb8140478f9ab9fc,BSC,hodlers+amount+rpc
anitamaxwynn,0x96d253b3dfadd8355bc0aee6645567b55d6001d4,BSC,hodlers+amount+rpc
frogking,0x1d5d3d604be07b8e4947f69d6742ab09d8b2e9d3,BSC,hodlers+amount+rpc
bldfire,0x2110f35935d043b2844812421debf13f1b38b75f,BSC,hodlers+amount+rpc
masonbailbonds,0x1e69414387f9bcf260fdedd3fb740731a4153b6f,BSC,hodlers+amount+rpc
chief4feather,0x84960aa789a6428163ef438c764b34bd43461c40,BSC,hodlers+amount+rpc
barontrump,0xf84bb8383834b38b887118a9b4f869641506af78,BSC,hodlers+amount+rpc
sleepyjaden,0x8bafbfa5095fa9e8ff2d4fb7bc2935886e649826,BSC,hodlers+amount+rpc
my_richard_l,0x3ff81b444c7b4937ea137a754e91c5bbf0a6a000,BSC,hodlers+amount+rpc
mrvls211,0xa3ca287c32d805234e3bae6dc6ebcfd843534add,BSC,hodlers+amount+rpc
hardusualwhale,0xd232cc7bf15a3b7492e6f963108d01f2669ed34d,BSC,hodlers+amount+rpc
oghappy,0xd54ed3a11ccce474f449cccae834c61d179391d0,BSC,hodlers+amount+rpc
frontrunjosh,0x6b0eb4f72ea2faffc24b1c6351e3aef020971dc2,BSC,hodlers+amount+rpc
crossange,0xa8c859d6873bd3581a28c04192538484790430b3,BSC,hodlers+amount+rpc
vessel511,0xcdffeb05b8f7edb1be1739debcd9464f57924fcb,BSC,hodlers+amount+rpc
don22,0x440f546bfd282e002f8748ce7216430bbab677a5,BSC,hodlers+amount+rpc
lilpengwin,0x57a8260d8ae824ffa31bb54764a086ba8b6daa28,BSC,hodlers+amount+rpc
leyten,0x1beb529c1796915582ae43f0d143361b94d9944a,BSC,hodlers+amount+rpc
fourfourfour,0xebf6391fff9d2745dcb8847e349d29a6cb1ba180,BSC,hodlers+amount+rpc
balopa,0x88cc11538bca359a08fa35d75ec626d663f769ea,BSC,hodlers+amount+rpc
mrpunkdoteth,0x863fa63bceb1080f8bf0f0db042b14868eadc5fd,BSC,hodlers+amount+rpc
klys7788,0xe86864e71a309409951c2f7b53ea960e31fe02f2,BSC,hodlers+amount+rpc
manualbiggecko,0x1942764680539e64132246205240c0678e0378c5,BSC,hodlers+amount+rpc
0xwebster,0x9fb2345f5ea353d4cd6d4fd09d5a7261937b51b6,BSC,hodlers+amount+rpc
nftyboys,0xb5726b1c703584122af5dd897f13d13ad6cacb6c,BSC,hodlers+amount+rpc
pr3t0r14n,0x45c4bb76079a9642e2e5cb2036cf7d47fb480eed,BSC,hodlers+amount+rpc
pppppp,0xa81cb308c5108df234d318243824935d04988a2b,BSC,hodlers+amount+rpc
stanleyyelnats,0xc9be78796bf1accf008feb7c7bd99a96b7020d4d,BSC,hodlers+amount+rpc
wealth_bee,0xa23ba0e345dd9504687a9a71b58bd9f246ce6531,BSC,hodlers+amount+rpc
wetdreambaba4444,0x68edf72ed9f43457e447d6056c823b79d86a1c21,BSC,hodlers+amount+rpc
fuses,0xfd2df0e657849d4ce5f68b112b3873b04c8865c0,BSC,hodlers+amount+rpc
legalblusheel,0x909a289ffc2133ef4e75c45473a51e4291fa92ed,BSC,hodlers+amount+rpc
raizel,0x06e04b685cc4ab3f5ddabc0c49e818a91311a904,BSC,hodlers+amount+rpc
toritoluxor,0x8996d023728c0c6b563e67b5f3f3886421b601a9,BSC,hodlers+amount+rpc
trad0000r,0x2517576520784664e360adba7e2e05b6968eb5f7,BSC,hodlers+amount+rpc
chubbicorn230,0x8405a524d977d0998c8b585ad98d6edc41cdc943,Robinhood,hodlers+amount+rpc
bolddustyhyena,0xbd807396ff8268329054738f24a9eeddae5481a9,Robinhood,hodlers+amount+rpc
caoliyoushe,0x8c3592fccf0c6de46042fdd468ffbe80e755fbec,Robinhood,hodlers+amount+rpc
thedonkoftrading,0x80d17e98481e1971b083aca6a588a0442dab9223,Robinhood,hodlers+amount+rpc
brightavian,0x2de73fc9b51592e0f9ff5788ef833775329d0fc1,Robinhood,hodlers+amount+rpc
comeupkhan,0x23386ea827c6d8fcdbd454d0855036d3c2f2cf5b,Robinhood,hodlers+amount+rpc
excessincbadger,0x9cd0376bd603dd93909a3437c166ddb4bf545f13,Robinhood,hodlers+amount+rpc
tflo__,0x1a00caa6f66f05f2f9cc7b12feac34187fc2a492,Robinhood,hodlers+amount+rpc
labraca,0xb52bbff6d2c54cbf5c8d15f8649b5804f075eeb9,Robinhood,hodlers+amount+rpc
marv,0xc97cf9cdeb7fed2be405ce986628c6b9b0db12b8,Robinhood,hodlers+amount+rpc
bystevenr,0xd0b3f02a7ce7669acb6eaf251e719f62426be440,Ethereum,hodlers+amount+rpc
kv4rl,0x1338a67b37aeaf796357d78501a0c3695c51c48e,Ethereum,hodlers+amount+rpc
daemo,0x9d4d06a5d76bf047b25c373b4e53534979047cd7,Robinhood,hodlers+amount+rpc
fauji,0xf273063c65dca3b11f99e604e949b38a86918266,Robinhood,hodlers+amount+rpc
fullpinkyak,0x2ed589426559024110e203a05a27efb49f4ed093,Robinhood,hodlers+amount+rpc
ashen,0xabc4346a3c996d7e4072fb8ffc592d691fc91321,Robinhood,hodlers+amount+rpc
kookcapitalllc,0x2a1a2a83ece78169a4c02f8a83c951bb7b82e75e,Robinhood,hodlers+amount+rpc
vexrex23,0x63e43e07634ea089af36bed112fd86f2e899d490,Robinhood,hodlers+amount+rpc
attnmarkets,0x11942c17b429eec75b44e2a6fb0fcaf4f002b2cf,Robinhood,hodlers+amount+rpc
quakerrz,0xad4095b4d1ef7ddecea527aeec3448832cf59914,Robinhood,hodlers+amount+rpc
moodengbarbequeconsumer,0x4d8e3f39ea0a6b3bacff2d080d7c576f177ec6f8,BSC,hodlers+amount+rpc
iboughtdips,0xf1c3cf9e01d8f77b1af037d2efc3df252aa3f598,BSC,hodlers+amount+rpc
drkiratrades,0x4ff6700b167171d183de8a441b11540da8f76d3c,BSC,hodlers+amount+rpc
daniell_0x,0x8b3fbf999d14e385192a905f1dd649d04cdd74ea,BSC,hodlers+amount+rpc
chibifloyd,0x9aca2db01b1e5f6126ae8a970eda1f53d353907d,BSC,hodlers+amount+rpc
limedas,0x84c99b4c98d87ec5b54bada13e6517ad3b45f9ec,BSC,hodlers+amount+rpc
zilbaghodler,0xa0b46adc448eacbafc2a1c2fab0f544ea20f4cb2,BSC,hodlers+amount+rpc
jaylene,0x54974bffdcf9e468b7162ad357c6319c8a347a78,BSC,hodlers+amount+rpc
hhhbbnllppn,0x61825b003dfdfd9909a71613cc8cd02559d29c13,BSC,hodlers+amount+rpc
hacemuyfrio,0x10b321e762b85df47782ac8dff9075b6428d98e6,BSC,hodlers+amount+rpc
dezy642,0x9d7572585d3fa14a70b0ee78be8d8f362e9843f8,BSC,hodlers+amount+rpc
radioactivedad,0x44fcd97553b27fb08d3cbc341df878863f2caa40,BSC,hodlers+amount+rpc
corsadoll,0xafba72a3c9a357d52556fdbbc493d3739588bb2b,BSC,hodlers+amount+rpc
kikcharts,0x1f0867192d52ca6c2288f038610a8727b476d307,BSC,hodlers+amount+rpc
steven_giang,0xb5d6da02056f293e3b921197b6ef8599019ef3ab,BSC,hodlers+amount+rpc
ayoubie,0x2534bf769d16b881cbba186323e58bbb54ce244a,BSC,hodlers+amount+rpc
glacierorcus,0xbbb1671b664523edfc94cd5c536b667e044cc346,BSC,hodlers+amount+rpc
sajji,0x6402c210f74af45b1d7b0965e62ee41e9463bd0a,BSC,hodlers+amount+rpc
metagiant,0xae0e326827d7c0028bd2875f39d4d2d94c6b208c,BSC,hodlers+amount+rpc
degenhub,0x03117796e50628bde5246645216309dbe3938d2a,BSC,hodlers+amount+rpc
xavliew,0xa1b99566ece0a7d8e8741405087eef13c165ae3a,BSC,hodlers+amount+rpc
kalm,0x88db86dd00eec2e339af38a95834b801251dfcb1,BSC,hodlers+amount+rpc
coastsidewest,0x646337bc850d7d08010f56a410e323084f5e8033,BSC,hodlers+amount+rpc
convictionmc,0x5ecbd71fb4f9328543589896fbcf82d15de557ae,BSC,hodlers+amount+rpc
makxbt,0xbfcd30066612c53c58b337c975c507b6a4190668,Robinhood,hodlers+amount+rpc
whatever_fomo,0x274e4264a956a93a9b06acaeba802a097d57159f,Robinhood,hodlers+amount+rpc
thomaswight,0x906b75f351f60111b6c010d30eba404c0c863baa,Robinhood,hodlers+amount+rpc
notmymoney,0x5ee3a7e5924b2b14f53b7f2e52bc8d77577a625b,Robinhood,hodlers+amount+rpc
rekturki,0xc77e3519d5f53d0248fbfaac34f44f54ccf937f0,Robinhood,hodlers+amount+rpc
cryptoalbus,0xdc5e4898fae6f88dc4825783196ecb8d02209ba9,Robinhood,hodlers+amount+rpc
quid_defi,0x9cc1edc2ac5b24ce3b0bf8fe0f1d104613715f95,Robinhood,hodlers+amount+rpc
cyrotrades,0x92247551fde3e4c26b1df68f547acfff75ba2621,Robinhood,hodlers+amount+rpc
greenfix93,0x28ac35334c2caf792c7147837f1433338991e656,Ethereum,hodlers+amount+rpc
awzmiix,0x7281b33fa5fb80828e38d86d0547cc3e7331af87,Ethereum,hodlers+amount+rpc
slatewell,0x2d0679e61309f5825d0dce4301d2916cd0cb0dd6,Ethereum,hodlers+amount+rpc
shockuno,0x56199fb24a239e9f7f6fdb598fda1236e4a4148f,Ethereum,hodlers+amount+rpc
micot87,0xa4e4ec8d995bb5a78212ff3b7ce53afb6333328e,Ethereum,hodlers+amount+rpc
moneylord,0xfb2f8e284ed4149358775409f163cb917a62f51e,BSC,hodlers+amount+rpc
smokey0x,0x11be90061fe0cf45f075ca51ae0c3bcb69c28b1d,BSC,hodlers+amount+rpc
staticc,0x352f7e3062bd5072f06733a9a52aae2cdc1bac3e,BSC,hodlers+amount+rpc
6ixse7en,0xad36edc2dce7be20934fdee56591bfde30316018,BSC,hodlers+amount+rpc
macdegods,0x6150b917c11443d5c885ea6751db92a38fd4f5a4,BSC,hodlers+amount+rpc
sol_engineer,0x7a31001f1411fce8f0e928dee0685f9ecca1776a,BSC,hodlers+amount+rpc
0xdedrater,0xa94d2eb35b6d9e2c3c9e53ac83d263d4d2f21137,BSC,hodlers+amount+rpc
cissy,0x0f66a86f8f80563acd2f82e452cd627458998fd6,BSC,hodlers+amount+rpc
0xavast,8xL8S7P4QLdTGRquHas8NP5EVjp2qUGbmSgrkh97mvmq,Solana,hodlers+amount+fomo-sponsor
mc_dipperx,97YaKFYmbnKvLwf3nxqoL4skdk7WbDcCxy59nGGMBSRE,Solana,hodlers+amount+fomo-sponsor
kenzo13ro,FBCeXyW8fT6muxUoqvNn5uBtzWL4HZ4V4F98gDo8seB9,Solana,hodlers+amount+fomo-sponsor
mo_themiracle,BwxirypQ7FQvE4W5eLf5RjMNxGwwXERGQZ85hY9uZeeD,Solana,hodlers+amount+fomo-sponsor
7777laicai,9P1JPThzHE3kgSKJbujNsqobonChXnxgSX81mEgdYhGL,Solana,hodlers+amount+fomo-sponsor
fattony401,4sipTq1tW4fWaokfFte6B3Z2vCWipAju4DZZroKzg8M4,Solana,hodlers+amount+fomo-sponsor
domwoods,9hpadPQD18cJhLoCTjTU7Tqx6CgXFk88Lkd9ePXvndSQ,Solana,hodlers+amount+fomo-sponsor
starplatinum_,F6hpj6ZD17kxpbFJ3yE4VgKgo7oF4tiAbvCxHPvQU1YV,Solana,hodlers+amount+fomo-sponsor
pikestrike_88,FeQTWVX7YxxfMjDhMzDqFZgD1kFMthqFWbYtXZuoaHQJ,Solana,hodlers+amount+fomo-sponsor
tavopronostica,4pbXRBMCoqVW18oWd58NUF2Z2k5oYo5LJuGDm19xgRTy,Solana,hodlers+amount+fomo-sponsor
thediceplayer,Epxwnnix5fVajeE5BN84kQWVDxeMnZvHQJGgNXNcVCBD,Solana,hodlers+amount+fomo-sponsor
